prodcatg,mode,detector,date,n,edge_med,full_med,row_struct,col_struct
CAL.R-ARC,FAST,1.A.Green,2026-04-07,10,878.0,885.5,4.044,6.147
CAL.R-ARC,FAST,1.A.Green,2026-05-02,11,879.0,886.0,3.368,5.003
CAL.R-ARC,FAST,1.A.Green,2026-06-30,9,882.0,890.0,4.966,7.675
CAL.R-ARC,FAST,1.A.Red,2026-04-07,10,1757.5,1767.0,164.747,556.196
CAL.R-ARC,FAST,1.A.Red,2026-05-02,11,1759.0,1767.0,138.421,472.349
CAL.R-ARC,FAST,1.A.Red,2026-06-30,9,1766.0,1777.0,189.477,662.916
CAL.R-ARC,FAST,1.B.Blue,2026-04-07,10,1227.0,1233.0,4.19,8.738
CAL.R-ARC,FAST,1.B.Blue,2026-05-02,11,1227.0,1232.0,3.529,7.501
CAL.R-ARC,FAST,1.B.Blue,2026-06-30,9,1231.0,1237.0,5.112,10.411
CAL.R-ARC,FAST,1.B.Green,2026-04-07,10,1043.5,1054.5,5.966,8.631
CAL.R-ARC,FAST,1.B.Green,2026-05-02,11,1043.0,1053.0,5.105,7.331
CAL.R-ARC,FAST,1.B.Green,2026-06-30,9,1044.0,1056.0,7.229,10.217
CAL.R-ARC,FAST,1.B.Red,2026-04-07,10,1566.0,1581.0,155.669,783.498
CAL.R-ARC,FAST,1.B.Red,2026-05-02,11,1569.0,1582.0,140.333,692.67
CAL.R-ARC,FAST,1.B.Red,2026-06-30,9,1579.0,1596.0,173.352,894.9
CAL.R-ARC,FAST,2.A.Blue,2026-04-07,10,808.0,815.5,5.09,9.516
CAL.R-ARC,FAST,2.A.Blue,2026-05-02,11,812.0,819.0,4.188,7.723
CAL.R-ARC,FAST,2.A.Blue,2026-06-30,9,817.0,825.0,6.129,11.637
CAL.R-ARC,FAST,2.A.Green,2026-04-07,10,864.0,873.5,6.132,7.347
CAL.R-ARC,FAST,2.A.Green,2026-05-02,11,862.0,870.0,5.114,5.961
CAL.R-ARC,FAST,2.A.Green,2026-06-30,9,859.0,869.0,7.123,9.002
CAL.R-ARC,FAST,2.A.Red,2026-04-07,10,835.0,847.5,287.397,750.839
CAL.R-ARC,FAST,2.A.Red,2026-05-02,11,836.0,847.0,269.122,634.007
CAL.R-ARC,FAST,2.A.Red,2026-06-30,9,844.0,859.0,347.923,885.787
CAL.R-ARC,FAST,2.B.Blue,2026-04-07,10,1431.0,1436.0,5.126,9.048
CAL.R-ARC,FAST,2.B.Blue,2026-05-02,11,1430.0,1436.0,4.3,7.664
CAL.R-ARC,FAST,2.B.Blue,2026-06-30,9,1434.0,1440.0,6.078,10.742
CAL.R-ARC,FAST,2.B.Green,2026-04-07,10,760.0,763.5,6.96,8.575
CAL.R-ARC,FAST,2.B.Green,2026-05-02,11,760.0,763.0,5.697,7.083
CAL.R-ARC,FAST,2.B.Green,2026-06-30,9,760.0,763.0,8.119,10.007
CAL.R-ARC,FAST,2.B.Red,2026-04-07,10,1664.5,1678.5,366.652,779.359
CAL.R-ARC,FAST,2.B.Red,2026-05-02,11,1664.0,1676.0,326.077,684.556
CAL.R-ARC,FAST,2.B.Red,2026-06-30,9,1673.0,1688.0,409.431,886.745
CAL.R-ARC,FAST,3.A.Blue,2026-04-07,10,1448.0,1454.0,1402.494,10.288
CAL.R-ARC,FAST,3.A.Blue,2026-05-02,11,1448.0,1453.0,1402.549,8.621
CAL.R-ARC,FAST,3.A.Blue,2026-06-30,9,1447.0,1454.0,1402.188,12.178
CAL.R-ARC,FAST,3.A.Green,2026-04-07,10,791.0,798.0,6.595,7.309
CAL.R-ARC,FAST,3.A.Green,2026-05-02,11,790.0,796.0,5.515,6.003
CAL.R-ARC,FAST,3.A.Green,2026-06-30,9,788.0,797.0,7.961,8.856
CAL.R-ARC,FAST,3.A.Red,2026-04-07,10,1753.5,1765.0,253.31,695.629
CAL.R-ARC,FAST,3.A.Red,2026-05-02,11,1754.0,1764.0,222.184,601.918
CAL.R-ARC,FAST,3.A.Red,2026-06-30,9,1761.0,1774.0,287.271,800.046
CAL.R-ARC,FAST,3.B.Blue,2026-04-07,10,1071.0,1078.5,6.308,12.166
CAL.R-ARC,FAST,3.B.Blue,2026-05-02,11,1072.0,1079.0,5.495,10.187
CAL.R-ARC,FAST,3.B.Blue,2026-06-30,9,1071.0,1080.0,7.51,14.45
CAL.R-ARC,FAST,3.B.Green,2026-04-07,10,871.5,879.5,7.29,9.698
CAL.R-ARC,FAST,3.B.Green,2026-05-02,11,872.0,880.0,6.186,8.052
CAL.R-ARC,FAST,3.B.Green,2026-06-30,9,874.0,883.0,8.634,11.542
CAL.R-ARC,FAST,3.B.Red,2026-04-07,10,1493.5,1509.5,161.254,840.149
CAL.R-ARC,FAST,3.B.Red,2026-05-02,11,1493.0,1508.0,143.274,734.382
CAL.R-ARC,FAST,3.B.Red,2026-06-30,9,1500.0,1518.0,181.183,953.236
CAL.R-ARC,FAST,4.A.Green,2026-04-07,10,869.0,878.5,4.894,8.569
CAL.R-ARC,FAST,4.A.Green,2026-05-02,11,867.0,875.0,4.164,7.153
CAL.R-ARC,FAST,4.A.Green,2026-06-30,9,863.0,874.0,5.813,10.37
CAL.R-ARC,FAST,4.A.Red,2026-04-07,10,1540.0,1539.0,367.39,761.238
CAL.R-ARC,FAST,4.A.Red,2026-05-02,11,1536.0,1532.0,322.893,662.77
CAL.R-ARC,FAST,4.A.Red,2026-06-30,9,1531.0,1526.0,408.808,904.901
CAL.R-ARC,FAST,4.B.Blue,2026-04-07,10,873.5,881.0,6.079,12.132
CAL.R-ARC,FAST,4.B.Blue,2026-05-02,11,871.0,877.0,5.141,10.108
CAL.R-ARC,FAST,4.B.Blue,2026-06-30,9,867.0,876.0,7.14,14.463
CAL.R-ARC,FAST,4.B.Green,2026-04-07,10,799.0,808.0,8.762,9.653
CAL.R-ARC,FAST,4.B.Green,2026-05-02,11,795.0,803.0,7.32,7.987
CAL.R-ARC,FAST,4.B.Green,2026-06-30,9,792.0,803.0,10.317,11.551
CAL.R-ARC,FAST,4.B.Red,2026-04-07,10,1931.0,1943.5,221.714,771.915
CAL.R-ARC,FAST,4.B.Red,2026-05-02,11,1926.0,1937.0,198.809,679.922
CAL.R-ARC,FAST,4.B.Red,2026-06-30,9,1917.0,1931.0,248.368,881.538
CAL.R-ARC,SLOW,1.A.Green,2026-04-07,3,693.0,724.0,32.05,49.744
CAL.R-ARC,SLOW,1.A.Green,2026-05-02,3,692.0,721.0,30.104,46.308
CAL.R-ARC,SLOW,1.A.Green,2026-06-30,3,693.0,727.0,33.995,52.992
CAL.R-ARC,SLOW,1.A.Red,2026-04-07,3,1682.0,1740.0,481.466,1955.702
CAL.R-ARC,SLOW,1.A.Red,2026-05-02,3,1680.0,1734.0,475.866,1936.543
CAL.R-ARC,SLOW,1.A.Red,2026-06-30,3,1682.0,1746.0,507.513,2122.366
CAL.R-ARC,SLOW,1.B.Blue,2026-04-07,3,704.0,734.0,33.804,70.205
CAL.R-ARC,SLOW,1.B.Blue,2026-05-02,3,704.0,735.0,32.374,68.924
CAL.R-ARC,SLOW,1.B.Blue,2026-06-30,3,704.0,733.0,35.305,71.562
CAL.R-ARC,SLOW,1.B.Green,2026-04-07,3,661.0,726.0,47.779,70.252
CAL.R-ARC,SLOW,1.B.Green,2026-05-02,3,661.0,725.0,46.413,68.396
CAL.R-ARC,SLOW,1.B.Green,2026-06-30,3,661.0,726.0,49.536,71.015
CAL.R-ARC,SLOW,1.B.Red,2026-04-07,3,1714.0,1814.0,561.361,3502.803
CAL.R-ARC,SLOW,1.B.Red,2026-05-02,3,1714.0,1812.0,555.01,3461.988
CAL.R-ARC,SLOW,1.B.Red,2026-06-30,3,1715.0,1819.0,570.902,3561.57
CAL.R-ARC,SLOW,2.A.Blue,2026-04-07,3,551.0,583.0,40.407,76.177
CAL.R-ARC,SLOW,2.A.Blue,2026-05-02,3,551.0,579.0,38.91,71.946
CAL.R-ARC,SLOW,2.A.Blue,2026-06-30,3,550.0,586.0,42.069,80.712
CAL.R-ARC,SLOW,2.A.Green,2026-04-07,3,637.0,682.0,45.237,58.447
CAL.R-ARC,SLOW,2.A.Green,2026-05-02,3,637.0,677.0,43.227,55.173
CAL.R-ARC,SLOW,2.A.Green,2026-06-30,3,637.0,686.0,46.228,61.861
CAL.R-ARC,SLOW,2.A.Red,2026-04-07,3,1613.0,1693.0,704.654,2963.761
CAL.R-ARC,SLOW,2.A.Red,2026-05-02,3,1612.0,1686.0,685.243,2842.206
CAL.R-ARC,SLOW,2.A.Red,2026-06-30,3,1616.0,1702.0,720.999,3082.272
CAL.R-ARC,SLOW,2.B.Blue,2026-04-07,3,504.0,523.0,40.755,72.087
CAL.R-ARC,SLOW,2.B.Blue,2026-05-02,3,504.0,523.0,39.687,70.671
CAL.R-ARC,SLOW,2.B.Blue,2026-06-30,3,504.0,523.0,41.881,74.162
CAL.R-ARC,SLOW,2.B.Green,2026-04-07,3,632.0,691.0,58.888,70.745
CAL.R-ARC,SLOW,2.B.Green,2026-05-02,3,631.0,690.0,57.734,68.959
CAL.R-ARC,SLOW,2.B.Green,2026-06-30,3,631.0,690.0,60.958,72.36
CAL.R-ARC,SLOW,2.B.Red,2026-04-07,3,1595.0,1690.0,731.985,3304.947
CAL.R-ARC,SLOW,2.B.Red,2026-05-02,3,1594.0,1687.0,721.147,3245.083
CAL.R-ARC,SLOW,2.B.Red,2026-06-30,3,1595.0,1692.0,740.727,3359.394
CAL.R-ARC,SLOW,3.A.Blue,2026-04-07,3,495.0,516.0,1422.091,74.247
CAL.R-ARC,SLOW,3.A.Blue,2026-05-02,3,495.0,513.0,1422.085,70.593
CAL.R-ARC,SLOW,3.A.Blue,2026-06-30,3,495.0,518.0,1422.084,77.865
CAL.R-ARC,SLOW,3.A.Green,2026-04-07,3,694.0,725.0,51.561,57.274
CAL.R-ARC,SLOW,3.A.Green,2026-05-02,3,695.0,723.0,49.62,54.609
CAL.R-ARC,SLOW,3.A.Green,2026-06-30,3,694.0,728.0,54.097,60.182
CAL.R-ARC,SLOW,3.A.Red,2026-04-07,3,1710.0,1782.0,598.487,2220.51
CAL.R-ARC,SLOW,3.A.Red,2026-05-02,3,1710.0,1780.0,588.514,2153.12
CAL.R-ARC,SLOW,3.A.Red,2026-06-30,3,1713.0,1790.0,609.891,2298.497
CAL.R-ARC,SLOW,3.B.Blue,2026-04-07,3,836.0,882.0,50.357,97.124
CAL.R-ARC,SLOW,3.B.Blue,2026-05-02,3,835.0,876.0,50.63,94.464
CAL.R-ARC,SLOW,3.B.Blue,2026-06-30,3,836.0,883.0,51.791,100.017
CAL.R-ARC,SLOW,3.B.Green,2026-04-07,3,676.0,724.0,58.059,77.374
CAL.R-ARC,SLOW,3.B.Green,2026-05-02,3,676.0,721.0,57.27,74.957
CAL.R-ARC,SLOW,3.B.Green,2026-06-30,3,678.0,728.0,59.407,79.568
CAL.R-ARC,SLOW,3.B.Red,2026-04-07,3,1654.0,1756.0,593.108,3388.302
CAL.R-ARC,SLOW,3.B.Red,2026-05-02,3,1654.0,1752.0,581.651,3323.423
CAL.R-ARC,SLOW,3.B.Red,2026-06-30,3,1656.0,1761.0,603.889,3453.526
CAL.R-ARC,SLOW,4.A.Green,2026-04-07,3,300.0,343.0,37.019,67.469
CAL.R-ARC,SLOW,4.A.Green,2026-05-02,3,300.0,340.0,35.701,64.666
CAL.R-ARC,SLOW,4.A.Green,2026-06-30,3,302.0,348.0,38.586,70.585
CAL.R-ARC,SLOW,4.A.Red,2026-04-07,3,1567.0,1647.0,753.271,2777.311
CAL.R-ARC,SLOW,4.A.Red,2026-05-02,3,1566.0,1643.0,738.65,2698.047
CAL.R-ARC,SLOW,4.A.Red,2026-06-30,3,1567.0,1652.0,773.817,2879.194
CAL.R-ARC,SLOW,4.B.Blue,2026-04-07,3,678.0,713.0,47.554,95.859
CAL.R-ARC,SLOW,4.B.Blue,2026-05-02,3,678.0,710.0,46.482,92.626
CAL.R-ARC,SLOW,4.B.Blue,2026-06-30,3,678.0,715.0,48.709,99.263
CAL.R-ARC,SLOW,4.B.Green,2026-04-07,3,669.0,712.0,68.886,77.162
CAL.R-ARC,SLOW,4.B.Green,2026-05-02,3,669.0,710.0,66.344,74.241
CAL.R-ARC,SLOW,4.B.Green,2026-06-30,3,669.0,715.0,70.485,79.869
CAL.R-ARC,SLOW,4.B.Red,2026-04-07,3,1749.0,1827.0,515.704,2536.904
CAL.R-ARC,SLOW,4.B.Red,2026-05-02,3,1748.0,1824.0,507.211,2476.218
CAL.R-ARC,SLOW,4.B.Red,2026-06-30,3,1749.0,1831.0,527.5,2608.977
CAL.R-BIA,FAST,1.A.Green,2026-04-07,13,877.0,878.0,0.997,0.36
CAL.R-BIA,FAST,1.A.Green,2026-05-02,1,863.0,864.0,0.901,0.371
CAL.R-BIA,FAST,1.A.Green,2026-06-30,11,880.0,881.0,0.99,0.371
CAL.R-BIA,FAST,1.A.Red,2026-04-07,13,1754.0,1754.0,0.282,0.469
CAL.R-BIA,FAST,1.A.Red,2026-05-02,1,1755.0,1754.0,0.312,0.474
CAL.R-BIA,FAST,1.A.Red,2026-06-30,11,1761.0,1761.0,0.287,0.487
CAL.R-BIA,FAST,1.B.Blue,2026-04-07,13,1226.0,1226.0,0.184,0.202
CAL.R-BIA,FAST,1.B.Blue,2026-05-02,1,1223.0,1223.0,0.179,0.218
CAL.R-BIA,FAST,1.B.Blue,2026-06-30,11,1229.0,1229.0,0.183,0.201
CAL.R-BIA,FAST,1.B.Green,2026-04-07,13,1041.0,1043.0,0.768,0.485
CAL.R-BIA,FAST,1.B.Green,2026-05-02,1,1038.0,1040.0,0.749,0.477
CAL.R-BIA,FAST,1.B.Green,2026-06-30,11,1042.0,1043.0,0.773,0.532
CAL.R-BIA,FAST,1.B.Red,2026-04-07,13,1560.0,1561.0,1.076,0.392
CAL.R-BIA,FAST,1.B.Red,2026-05-02,1,1553.0,1554.0,1.034,0.388
CAL.R-BIA,FAST,1.B.Red,2026-06-30,11,1572.0,1573.0,1.075,0.39
CAL.R-BIA,FAST,2.A.Blue,2026-04-07,13,806.0,806.0,0.32,0.384
CAL.R-BIA,FAST,2.A.Blue,2026-05-02,1,804.0,804.0,0.252,0.374
CAL.R-BIA,FAST,2.A.Blue,2026-06-30,11,814.0,814.0,0.309,0.396
CAL.R-BIA,FAST,2.A.Green,2026-04-07,13,860.0,862.0,1.355,0.249
CAL.R-BIA,FAST,2.A.Green,2026-05-02,1,879.0,880.0,1.334,0.25
CAL.R-BIA,FAST,2.A.Green,2026-06-30,11,856.0,858.0,1.355,0.255
CAL.R-BIA,FAST,2.A.Red,2026-04-07,13,828.0,829.0,0.352,0.355
CAL.R-BIA,FAST,2.A.Red,2026-05-02,1,822.0,822.0,0.335,0.362
CAL.R-BIA,FAST,2.A.Red,2026-06-30,11,837.0,837.0,0.369,0.368
CAL.R-BIA,FAST,2.B.Blue,2026-04-07,13,1429.0,1429.0,0.293,0.201
CAL.R-BIA,FAST,2.B.Blue,2026-05-02,1,1427.0,1427.0,0.297,0.21
CAL.R-BIA,FAST,2.B.Blue,2026-06-30,11,1432.0,1432.0,0.304,0.199
CAL.R-BIA,FAST,2.B.Green,2026-04-07,13,760.0,760.0,0.111,0.113
CAL.R-BIA,FAST,2.B.Green,2026-05-02,1,764.0,764.0,0.212,0.307
CAL.R-BIA,FAST,2.B.Green,2026-06-30,11,760.0,760.0,0.106,0.109
CAL.R-BIA,FAST,2.B.Red,2026-04-07,13,1659.0,1659.0,0.2,0.427
CAL.R-BIA,FAST,2.B.Red,2026-05-02,1,1646.0,1646.0,0.196,0.416
CAL.R-BIA,FAST,2.B.Red,2026-06-30,11,1666.0,1666.0,0.204,0.452
CAL.R-BIA,FAST,3.A.Blue,2026-04-07,13,1446.0,1446.0,1402.612,2.984
CAL.R-BIA,FAST,3.A.Blue,2026-05-02,1,1448.0,1448.0,1402.384,3.026
CAL.R-BIA,FAST,3.A.Blue,2026-06-30,11,1446.0,1445.0,1402.503,3.044
CAL.R-BIA,FAST,3.A.Green,2026-04-07,13,788.0,788.0,0.514,0.383
CAL.R-BIA,FAST,3.A.Green,2026-05-02,1,802.0,803.0,0.592,0.378
CAL.R-BIA,FAST,3.A.Green,2026-06-30,11,786.0,786.0,0.498,0.415
CAL.R-BIA,FAST,3.A.Red,2026-04-07,13,1749.0,1749.0,0.2,0.507
CAL.R-BIA,FAST,3.A.Red,2026-05-02,1,1740.0,1740.0,0.198,0.495
CAL.R-BIA,FAST,3.A.Red,2026-06-30,11,1755.0,1755.0,0.188,0.525
CAL.R-BIA,FAST,3.B.Blue,2026-04-07,13,1069.0,1069.0,0.347,0.311
CAL.R-BIA,FAST,3.B.Blue,2026-05-02,1,1068.0,1068.0,0.305,0.299
CAL.R-BIA,FAST,3.B.Blue,2026-06-30,11,1069.0,1069.0,0.341,0.328
CAL.R-BIA,FAST,3.B.Green,2026-04-07,13,870.0,870.0,0.225,0.422
CAL.R-BIA,FAST,3.B.Green,2026-05-02,1,868.0,868.0,0.211,0.418
CAL.R-BIA,FAST,3.B.Green,2026-06-30,11,871.0,872.0,0.23,0.437
CAL.R-BIA,FAST,3.B.Red,2026-04-07,13,1488.0,1489.0,1.508,0.348
CAL.R-BIA,FAST,3.B.Red,2026-05-02,1,1479.0,1481.0,1.488,0.381
CAL.R-BIA,FAST,3.B.Red,2026-06-30,11,1492.0,1493.0,1.518,0.365
CAL.R-BIA,FAST,4.A.Green,2026-04-07,13,866.0,867.0,1.007,0.377
CAL.R-BIA,FAST,4.A.Green,2026-05-02,1,883.0,884.0,1.008,0.374
CAL.R-BIA,FAST,4.A.Green,2026-06-30,11,861.0,863.0,0.886,0.389
CAL.R-BIA,FAST,4.A.Red,2026-04-07,13,1536.0,1521.0,9.592,45.567
CAL.R-BIA,FAST,4.A.Red,2026-05-02,1,1534.0,1522.0,4.908,11.551
CAL.R-BIA,FAST,4.A.Red,2026-06-30,11,1521.0,1499.0,147.01,424.814
CAL.R-BIA,FAST,4.B.Blue,2026-04-07,13,870.0,870.0,0.375,0.287
CAL.R-BIA,FAST,4.B.Blue,2026-05-02,1,884.0,884.0,0.365,0.278
CAL.R-BIA,FAST,4.B.Blue,2026-06-30,11,865.0,865.0,0.377,0.294
CAL.R-BIA,FAST,4.B.Green,2026-04-07,13,795.0,796.0,1.348,0.424
CAL.R-BIA,FAST,4.B.Green,2026-05-02,1,815.0,816.0,1.298,0.411
CAL.R-BIA,FAST,4.B.Green,2026-06-30,11,790.0,791.0,1.369,0.464
CAL.R-BIA,FAST,4.B.Red,2026-04-07,13,1922.0,1922.0,0.339,0.551
CAL.R-BIA,FAST,4.B.Red,2026-05-02,1,1946.0,1947.0,0.294,0.523
CAL.R-BIA,FAST,4.B.Red,2026-06-30,11,1909.0,1910.0,0.327,0.563
CAL.R-BIA,SLOW,1.A.Green,2026-04-07,11,692.0,695.0,0.994,0.163
CAL.R-BIA,SLOW,1.A.Green,2026-06-30,11,693.0,695.0,0.988,0.147
CAL.R-BIA,SLOW,1.A.Red,2026-04-07,11,1664.0,1664.0,0.321,0.191
CAL.R-BIA,SLOW,1.A.Red,2026-06-30,11,1662.0,1662.0,0.317,0.194
CAL.R-BIA,SLOW,1.B.Blue,2026-04-07,11,703.0,703.0,0.095,0.097
CAL.R-BIA,SLOW,1.B.Blue,2026-06-30,11,703.0,703.0,0.125,0.117
CAL.R-BIA,SLOW,1.B.Green,2026-04-07,11,660.0,660.0,0.117,0.109
CAL.R-BIA,SLOW,1.B.Green,2026-06-30,11,659.0,659.0,0.126,0.112
CAL.R-BIA,SLOW,1.B.Red,2026-04-07,11,1676.0,1676.0,0.324,0.226
CAL.R-BIA,SLOW,1.B.Red,2026-06-30,11,1677.0,1677.0,0.304,0.243
CAL.R-BIA,SLOW,2.A.Blue,2026-04-07,11,549.0,549.0,0.095,0.094
CAL.R-BIA,SLOW,2.A.Blue,2026-06-30,11,549.0,549.0,0.116,0.119
CAL.R-BIA,SLOW,2.A.Green,2026-04-07,11,636.0,636.0,0.138,0.094
CAL.R-BIA,SLOW,2.A.Green,2026-06-30,11,636.0,636.0,0.15,0.109
CAL.R-BIA,SLOW,2.A.Red,2026-04-07,11,1585.0,1585.0,0.252,0.255
CAL.R-BIA,SLOW,2.A.Red,2026-06-30,11,1586.0,1586.0,0.218,0.211
CAL.R-BIA,SLOW,2.B.Blue,2026-04-07,11,502.0,501.0,0.527,0.13
CAL.R-BIA,SLOW,2.B.Blue,2026-06-30,11,502.0,501.0,0.524,0.115
CAL.R-BIA,SLOW,2.B.Green,2026-04-07,11,632.0,631.0,0.397,0.098
CAL.R-BIA,SLOW,2.B.Green,2026-06-30,11,631.0,630.0,0.38,0.099
CAL.R-BIA,SLOW,2.B.Red,2026-04-07,11,1563.0,1563.0,0.227,0.209
CAL.R-BIA,SLOW,2.B.Red,2026-06-30,11,1561.0,1561.0,0.23,0.197
CAL.R-BIA,SLOW,3.A.Blue,2026-04-07,11,493.0,492.0,1423.907,2.922
CAL.R-BIA,SLOW,3.A.Blue,2026-06-30,11,494.0,492.0,1423.847,2.927
CAL.R-BIA,SLOW,3.A.Green,2026-04-07,11,693.0,692.0,0.539,0.105
CAL.R-BIA,SLOW,3.A.Green,2026-06-30,11,693.0,691.0,0.545,0.133
CAL.R-BIA,SLOW,3.A.Red,2026-04-07,11,1680.0,1679.0,0.223,0.211
CAL.R-BIA,SLOW,3.A.Red,2026-06-30,11,1681.0,1681.0,0.204,0.224
CAL.R-BIA,SLOW,3.B.Blue,2026-04-07,11,834.0,834.0,0.119,0.104
CAL.R-BIA,SLOW,3.B.Blue,2026-06-30,11,834.0,834.0,0.115,0.113
CAL.R-BIA,SLOW,3.B.Green,2026-04-07,11,674.0,673.0,0.478,0.139
CAL.R-BIA,SLOW,3.B.Green,2026-06-30,11,676.0,675.0,0.45,0.128
CAL.R-BIA,SLOW,3.B.Red,2026-04-07,11,1610.0,1610.0,0.252,0.197
CAL.R-BIA,SLOW,3.B.Red,2026-06-30,11,1610.0,1610.0,0.22,0.18
CAL.R-BIA,SLOW,4.A.Green,2026-04-07,11,299.0,297.0,0.757,0.143
CAL.R-BIA,SLOW,4.A.Green,2026-06-30,11,300.0,299.0,0.731,0.145
CAL.R-BIA,SLOW,4.A.Red,2026-04-07,11,1535.0,1535.0,0.246,0.248
CAL.R-BIA,SLOW,4.A.Red,2026-06-30,11,1534.0,1534.0,0.287,0.264
CAL.R-BIA,SLOW,4.B.Blue,2026-04-07,11,676.0,677.0,0.145,0.109
CAL.R-BIA,SLOW,4.B.Blue,2026-06-30,11,676.0,676.0,0.103,0.095
CAL.R-BIA,SLOW,4.B.Green,2026-04-07,11,667.0,667.0,0.246,0.118
CAL.R-BIA,SLOW,4.B.Green,2026-06-30,11,667.0,667.0,0.221,0.094
CAL.R-BIA,SLOW,4.B.Red,2026-04-07,11,1717.0,1718.0,0.188,0.189
CAL.R-BIA,SLOW,4.B.Red,2026-06-30,11,1716.0,1716.0,0.199,0.202
CAL.R-DRK,SLOW,1.A.Green,2026-04-07,3,690.0,695.0,2.17,0.43
CAL.R-DRK,SLOW,1.A.Green,2026-06-30,3,691.0,695.0,2.197,0.549
CAL.R-DRK,SLOW,1.A.Red,2026-04-07,3,1694.0,1701.0,3.193,1.068
CAL.R-DRK,SLOW,1.A.Red,2026-06-30,3,1693.0,1701.0,3.403,1.116
CAL.R-DRK,SLOW,1.B.Blue,2026-04-07,3,707.0,707.0,0.43,0.458
CAL.R-DRK,SLOW,1.B.Blue,2026-06-30,3,710.0,710.0,0.434,0.532
CAL.R-DRK,SLOW,1.B.Green,2026-04-07,3,664.0,664.0,0.506,0.476
CAL.R-DRK,SLOW,1.B.Green,2026-06-30,3,664.0,664.0,0.545,0.545
CAL.R-DRK,SLOW,1.B.Red,2026-04-07,3,1676.0,1677.0,1.07,0.937
CAL.R-DRK,SLOW,1.B.Red,2026-06-30,3,1677.0,1678.0,1.113,1.076
CAL.R-DRK,SLOW,2.A.Blue,2026-04-07,3,551.0,551.0,0.466,0.467
CAL.R-DRK,SLOW,2.A.Blue,2026-06-30,3,550.0,550.0,0.472,0.49
CAL.R-DRK,SLOW,2.A.Green,2026-04-07,3,642.0,643.0,0.654,0.571
CAL.R-DRK,SLOW,2.A.Green,2026-06-30,3,642.0,643.0,0.624,0.606
CAL.R-DRK,SLOW,2.A.Red,2026-04-07,3,1586.0,1586.0,1.053,0.951
CAL.R-DRK,SLOW,2.A.Red,2026-06-30,3,1587.0,1587.0,1.258,1.205
CAL.R-DRK,SLOW,2.B.Blue,2026-04-07,3,504.0,502.0,0.917,0.544
CAL.R-DRK,SLOW,2.B.Blue,2026-06-30,3,504.0,502.0,0.924,0.521
CAL.R-DRK,SLOW,2.B.Green,2026-04-07,3,635.0,634.0,1.07,0.463
CAL.R-DRK,SLOW,2.B.Green,2026-06-30,3,634.0,633.0,0.967,0.51
CAL.R-DRK,SLOW,2.B.Red,2026-04-07,3,1563.0,1563.0,0.891,0.801
CAL.R-DRK,SLOW,2.B.Red,2026-06-30,3,1562.0,1562.0,1.033,0.951
CAL.R-DRK,SLOW,3.A.Blue,2026-04-07,3,498.0,496.0,1424.228,2.928
CAL.R-DRK,SLOW,3.A.Blue,2026-06-30,3,498.0,496.0,1424.355,2.961
CAL.R-DRK,SLOW,3.A.Green,2026-04-07,3,695.0,693.0,0.841,0.482
CAL.R-DRK,SLOW,3.A.Green,2026-06-30,3,695.0,693.0,0.955,0.518
CAL.R-DRK,SLOW,3.A.Red,2026-04-07,3,1681.0,1682.0,1.127,1.125
CAL.R-DRK,SLOW,3.A.Red,2026-06-30,3,1683.0,1683.0,1.097,1.053
CAL.R-DRK,SLOW,3.B.Blue,2026-04-07,3,834.0,835.0,0.487,0.519
CAL.R-DRK,SLOW,3.B.Blue,2026-06-30,3,834.0,834.0,0.537,0.569
CAL.R-DRK,SLOW,3.B.Green,2026-04-07,3,677.0,676.0,0.757,0.487
CAL.R-DRK,SLOW,3.B.Green,2026-06-30,3,678.0,677.0,0.777,0.658
CAL.R-DRK,SLOW,3.B.Red,2026-04-07,3,1610.0,1611.0,1.07,0.975
CAL.R-DRK,SLOW,3.B.Red,2026-06-30,3,1610.0,1611.0,1.34,1.157
CAL.R-DRK,SLOW,4.A.Green,2026-04-07,3,301.0,299.0,0.96,0.651
CAL.R-DRK,SLOW,4.A.Green,2026-06-30,3,303.0,301.0,0.856,0.472
CAL.R-DRK,SLOW,4.A.Red,2026-04-07,3,1536.0,1536.0,0.819,0.869
CAL.R-DRK,SLOW,4.A.Red,2026-06-30,3,1535.0,1536.0,1.108,1.077
CAL.R-DRK,SLOW,4.B.Blue,2026-04-07,3,677.0,677.0,0.498,0.475
CAL.R-DRK,SLOW,4.B.Blue,2026-06-30,3,677.0,677.0,0.581,0.579
CAL.R-DRK,SLOW,4.B.Green,2026-04-07,3,669.0,670.0,0.691,0.572
CAL.R-DRK,SLOW,4.B.Green,2026-06-30,3,669.0,670.0,1.215,1.126
CAL.R-DRK,SLOW,4.B.Red,2026-04-07,3,1721.0,1721.0,0.925,0.898
CAL.R-DRK,SLOW,4.B.Red,2026-06-30,3,1720.0,1721.0,1.048,1.045
CAL.R-FLT,FAST,1.A.Green,2026-04-07,12,1021.5,11153.5,4930.583,4730.714
CAL.R-FLT,FAST,1.A.Green,2026-05-02,12,1051.0,13395.5,5890.929,5589.793
CAL.R-FLT,FAST,1.A.Green,2026-06-30,12,1106.5,17455.0,6609.076,6401.879
CAL.R-FLT,FAST,1.A.Red,2026-04-07,12,1996.5,17178.0,8442.772,8689.719
CAL.R-FLT,FAST,1.A.Red,2026-05-02,12,2051.0,21797.0,8973.958,9062.727
CAL.R-FLT,FAST,1.A.Red,2026-06-30,12,2136.0,31414.5,8604.771,9638.45
CAL.R-FLT,FAST,1.B.Blue,2026-04-07,12,1311.0,4039.0,2000.568,3810.357
CAL.R-FLT,FAST,1.B.Blue,2026-05-02,12,1327.0,4868.0,2402.861,4663.447
CAL.R-FLT,FAST,1.B.Blue,2026-06-30,12,1360.5,5326.0,3173.995,5919.961
CAL.R-FLT,FAST,1.B.Green,2026-04-07,12,1249.5,17729.0,6266.764,5670.347
CAL.R-FLT,FAST,1.B.Green,2026-05-02,12,1289.0,21459.0,7437.684,6764.317
CAL.R-FLT,FAST,1.B.Green,2026-06-30,12,1361.0,26342.0,6983.607,7735.97
CAL.R-FLT,FAST,1.B.Red,2026-04-07,12,1963.5,28075.0,6321.24,11782.97
CAL.R-FLT,FAST,1.B.Red,2026-05-02,12,2054.75,38657.5,6622.281,11906.026
CAL.R-FLT,FAST,1.B.Red,2026-06-30,12,2203.0,47568.0,6586.099,11777.853
CAL.R-FLT,FAST,2.A.Blue,2026-04-07,12,907.5,4884.0,2671.303,4262.617
CAL.R-FLT,FAST,2.A.Blue,2026-05-02,12,928.5,5593.5,3316.707,5237.454
CAL.R-FLT,FAST,2.A.Blue,2026-06-30,12,966.5,7348.5,4105.411,6621.401
CAL.R-FLT,FAST,2.A.Green,2026-04-07,12,1062.0,15992.5,6769.222,5380.013
CAL.R-FLT,FAST,2.A.Green,2026-05-02,12,1104.0,18999.5,8120.012,6423.294
CAL.R-FLT,FAST,2.A.Green,2026-06-30,12,1165.5,25148.0,8771.537,7483.573
CAL.R-FLT,FAST,2.A.Red,2026-04-07,12,1190.5,28415.5,10158.665,12040.137
CAL.R-FLT,FAST,2.A.Red,2026-05-02,12,1268.5,39307.0,9537.343,12285.418
CAL.R-FLT,FAST,2.A.Red,2026-06-30,12,1389.0,47335.5,8839.293,12157.985
CAL.R-FLT,FAST,2.B.Blue,2026-04-07,12,1515.0,3574.5,2485.991,3828.01
CAL.R-FLT,FAST,2.B.Blue,2026-05-02,12,1532.0,4157.5,3048.454,4714.578
CAL.R-FLT,FAST,2.B.Blue,2026-06-30,12,1566.5,4830.5,3836.562,5954.411
CAL.R-FLT,FAST,2.B.Green,2026-04-07,12,932.0,12241.5,7889.158,6061.784
CAL.R-FLT,FAST,2.B.Green,2026-05-02,12,981.5,14557.5,8975.552,6905.793
CAL.R-FLT,FAST,2.B.Green,2026-06-30,12,1043.0,18262.0,9660.358,7593.81
CAL.R-FLT,FAST,2.B.Red,2026-04-07,12,2033.5,29476.0,9726.235,10856.091
CAL.R-FLT,FAST,2.B.Red,2026-05-02,12,2115.0,44242.5,9134.713,10755.945
CAL.R-FLT,FAST,2.B.Red,2026-06-30,12,2244.0,47779.0,7892.834,10092.268
CAL.R-FLT,FAST,3.A.Blue,2026-04-07,12,1541.5,4219.0,3166.467,4247.198
CAL.R-FLT,FAST,3.A.Blue,2026-05-02,12,1559.5,4551.0,3810.276,5164.8
CAL.R-FLT,FAST,3.A.Blue,2026-06-30,12,1591.0,5872.5,4537.053,6462.671
CAL.R-FLT,FAST,3.A.Green,2026-04-07,12,988.0,12641.5,7904.855,5709.76
CAL.R-FLT,FAST,3.A.Green,2026-05-02,12,1026.5,14854.0,9056.562,6530.338
CAL.R-FLT,FAST,3.A.Green,2026-06-30,12,1091.0,19200.0,9621.645,7208.405
CAL.R-FLT,FAST,3.A.Red,2026-04-07,12,2129.0,20273.0,10501.621,9660.549
CAL.R-FLT,FAST,3.A.Red,2026-05-02,12,2212.5,27655.0,10711.244,10074.731
CAL.R-FLT,FAST,3.A.Red,2026-06-30,12,2341.0,42644.5,10598.483,10235.938
CAL.R-FLT,FAST,3.B.Blue,2026-04-07,12,1202.5,6321.5,3106.445,5173.386
CAL.R-FLT,FAST,3.B.Blue,2026-05-02,12,1229.5,6815.5,3923.919,6311.044
CAL.R-FLT,FAST,3.B.Blue,2026-06-30,12,1274.5,9153.0,4696.785,7918.706
CAL.R-FLT,FAST,3.B.Green,2026-04-07,12,1116.5,16841.0,7888.251,7083.065
CAL.R-FLT,FAST,3.B.Green,2026-05-02,12,1166.0,19963.5,9025.054,8000.066
CAL.R-FLT,FAST,3.B.Green,2026-06-30,12,1250.5,25812.5,9560.903,8809.404
CAL.R-FLT,FAST,3.B.Red,2026-04-07,12,2002.5,36763.5,7329.111,11465.785
CAL.R-FLT,FAST,3.B.Red,2026-05-02,12,2120.5,50655.0,7306.735,11357.723
CAL.R-FLT,FAST,3.B.Red,2026-06-30,12,2293.0,51968.5,7223.811,10944.364
CAL.R-FLT,FAST,4.A.Green,2026-04-07,12,1077.0,15673.5,5636.261,6899.526
CAL.R-FLT,FAST,4.A.Green,2026-05-02,12,1115.5,18536.0,6377.985,7758.577
CAL.R-FLT,FAST,4.A.Green,2026-06-30,12,1179.0,24325.0,6973.473,8580.159
CAL.R-FLT,FAST,4.A.Red,2026-04-07,12,1928.0,30586.5,10568.996,11622.908
CAL.R-FLT,FAST,4.A.Red,2026-05-02,12,2013.0,45564.5,9722.538,11799.472
CAL.R-FLT,FAST,4.A.Red,2026-06-30,12,2120.0,48807.0,8776.885,11630.007
CAL.R-FLT,FAST,4.B.Blue,2026-04-07,12,982.0,4942.5,3032.759,5261.678
CAL.R-FLT,FAST,4.B.Blue,2026-05-02,12,1001.0,5540.0,3738.144,6404.014
CAL.R-FLT,FAST,4.B.Blue,2026-06-30,12,1032.5,7593.5,4500.289,7983.015
CAL.R-FLT,FAST,4.B.Green,2026-04-07,12,1043.0,14585.5,9321.09,6859.734
CAL.R-FLT,FAST,4.B.Green,2026-05-02,12,1088.0,17357.5,10149.996,7517.548
CAL.R-FLT,FAST,4.B.Green,2026-06-30,12,1165.0,22945.5,10679.652,8175.538
CAL.R-FLT,FAST,4.B.Red,2026-04-07,12,2307.5,29755.0,9105.638,11594.135
CAL.R-FLT,FAST,4.B.Red,2026-05-02,12,2388.5,44611.5,9339.782,11735.131
CAL.R-FLT,FAST,4.B.Red,2026-06-30,12,2492.0,48381.5,9271.876,11738.681
CAL.R-SKY,FAST,1.A.Green,2026-05-02,2,925.0,4483.5,1728.479,1535.626
CAL.R-SKY,FAST,1.A.Green,2026-06-30,6,939.0,5242.5,1995.191,1845.72
CAL.R-SKY,FAST,1.A.Red,2026-05-02,2,1811.0,4000.0,2661.848,4339.663
CAL.R-SKY,FAST,1.A.Red,2026-06-30,6,1835.0,5153.5,3594.253,5707.714
CAL.R-SKY,FAST,1.B.Blue,2026-05-02,2,1247.5,1938.5,550.881,1300.384
CAL.R-SKY,FAST,1.B.Blue,2026-06-30,6,1259.0,2069.5,766.204,1704.863
CAL.R-SKY,FAST,1.B.Green,2026-05-02,2,1103.0,6416.0,1856.209,1673.979
CAL.R-SKY,FAST,1.B.Green,2026-06-30,6,1112.5,7088.5,2203.074,2047.592
CAL.R-SKY,FAST,1.B.Red,2026-05-02,2,1640.0,4716.5,1766.329,4929.462
CAL.R-SKY,FAST,1.B.Red,2026-06-30,6,1679.0,6255.5,2354.15,6372.067
CAL.R-SKY,FAST,2.A.Blue,2026-05-02,2,836.0,1761.0,757.861,1395.002
CAL.R-SKY,FAST,2.A.Blue,2026-06-30,6,848.0,2266.0,1002.377,1876.875
CAL.R-SKY,FAST,2.A.Green,2026-05-02,2,926.0,5542.5,2038.525,1566.498
CAL.R-SKY,FAST,2.A.Green,2026-06-30,6,927.5,6564.5,2313.756,1907.919
CAL.R-SKY,FAST,2.A.Red,2026-05-02,2,902.5,3938.0,5138.41,5550.592
CAL.R-SKY,FAST,2.A.Red,2026-06-30,6,938.5,5009.0,7225.198,7261.807
CAL.R-SKY,FAST,2.B.Blue,2026-05-02,2,1450.0,1918.5,658.08,1214.197
CAL.R-SKY,FAST,2.B.Blue,2026-06-30,6,1460.0,2084.5,887.242,1611.928
CAL.R-SKY,FAST,2.B.Green,2026-05-02,2,804.0,4089.0,2293.643,1784.217
CAL.R-SKY,FAST,2.B.Green,2026-06-30,6,823.0,4509.0,2637.535,2108.94
CAL.R-SKY,FAST,2.B.Red,2026-05-02,2,1726.0,3598.0,5670.28,4741.88
CAL.R-SKY,FAST,2.B.Red,2026-06-30,6,1760.5,4388.0,7613.547,6160.68
CAL.R-SKY,FAST,3.A.Blue,2026-05-02,2,1470.0,2005.0,1608.703,1282.256
CAL.R-SKY,FAST,3.A.Blue,2026-06-30,6,1475.5,2319.5,1657.42,1717.727
CAL.R-SKY,FAST,3.A.Green,2026-05-02,2,848.0,4133.0,2296.681,1549.308
CAL.R-SKY,FAST,3.A.Green,2026-06-30,6,851.5,4814.0,2630.182,1841.057
CAL.R-SKY,FAST,3.A.Red,2026-05-02,2,1818.5,3549.5,3829.903,4650.067
CAL.R-SKY,FAST,3.A.Red,2026-06-30,6,1852.0,4417.0,5154.362,6125.877
CAL.R-SKY,FAST,3.B.Blue,2026-05-02,2,1100.0,2090.5,739.779,1484.235
CAL.R-SKY,FAST,3.B.Blue,2026-06-30,6,1108.0,2597.5,949.822,1951.159
CAL.R-SKY,FAST,3.B.Green,2026-05-02,2,933.5,5141.5,2111.846,1688.737
CAL.R-SKY,FAST,3.B.Green,2026-06-30,6,944.0,5941.5,2404.176,2082.18
CAL.R-SKY,FAST,3.B.Red,2026-05-02,2,1575.0,3985.5,2100.007,4979.759
CAL.R-SKY,FAST,3.B.Red,2026-06-30,6,1614.5,5134.0,2833.315,6468.943
CAL.R-SKY,FAST,4.A.Green,2026-05-02,2,924.5,4763.0,1570.0,1947.451
CAL.R-SKY,FAST,4.A.Green,2026-06-30,6,926.0,5620.0,1796.186,2250.761
CAL.R-SKY,FAST,4.A.Red,2026-05-02,2,1599.0,3465.5,5736.927,4471.261
CAL.R-SKY,FAST,4.A.Red,2026-06-30,6,1608.0,4315.0,7702.88,5854.287
CAL.R-SKY,FAST,4.B.Blue,2026-05-02,2,897.0,1698.5,731.338,1484.446
CAL.R-SKY,FAST,4.B.Blue,2026-06-30,6,897.5,2151.0,949.867,1971.188
CAL.R-SKY,FAST,4.B.Green,2026-05-02,2,862.5,4517.5,2602.795,1871.205
CAL.R-SKY,FAST,4.B.Green,2026-06-30,6,863.0,5337.5,3001.775,2254.649
CAL.R-SKY,FAST,4.B.Red,2026-05-02,2,1990.5,3702.5,2681.964,4563.586
CAL.R-SKY,FAST,4.B.Red,2026-06-30,6,1994.5,4424.5,3678.823,5980.085
CAL.R-SKY,SLOW,1.A.Green,2026-05-02,6,743.0,4525.5,1870.571,1719.565
CAL.R-SKY,SLOW,1.A.Green,2026-06-30,10,733.0,3670.5,1351.29,1209.427
CAL.R-SKY,SLOW,1.A.Red,2026-05-02,6,1733.5,4607.5,3490.022,5591.157
CAL.R-SKY,SLOW,1.A.Red,2026-06-30,10,1706.5,3611.5,2165.227,3507.955
CAL.R-SKY,SLOW,1.B.Blue,2026-05-02,6,727.0,1504.0,611.189,1431.52
CAL.R-SKY,SLOW,1.B.Blue,2026-06-30,10,723.0,1266.0,517.446,1156.886
CAL.R-SKY,SLOW,1.B.Green,2026-05-02,6,724.5,6443.5,1989.893,1891.122
CAL.R-SKY,SLOW,1.B.Green,2026-06-30,10,708.5,4806.5,1508.934,1358.549
CAL.R-SKY,SLOW,1.B.Red,2026-05-02,6,1780.5,5662.0,2271.177,6281.073
CAL.R-SKY,SLOW,1.B.Red,2026-06-30,10,1741.5,4421.5,1409.001,3908.372
CAL.R-SKY,SLOW,2.A.Blue,2026-05-02,6,578.0,1656.0,847.089,1558.261
CAL.R-SKY,SLOW,2.A.Blue,2026-06-30,10,573.0,1593.0,668.069,1280.049
CAL.R-SKY,SLOW,2.A.Green,2026-05-02,6,701.0,5625.0,2183.383,1750.07
CAL.R-SKY,SLOW,2.A.Green,2026-06-30,10,685.0,4586.0,1568.246,1260.517
CAL.R-SKY,SLOW,2.A.Red,2026-05-02,6,1683.0,5263.5,6981.196,7138.958
CAL.R-SKY,SLOW,2.A.Red,2026-06-30,10,1647.0,4074.5,4395.034,4524.133
CAL.R-SKY,SLOW,2.B.Blue,2026-05-02,6,527.0,1058.0,742.071,1359.161
CAL.R-SKY,SLOW,2.B.Blue,2026-06-30,10,522.0,945.0,604.914,1105.504
CAL.R-SKY,SLOW,2.B.Green,2026-05-02,6,697.0,4159.0,2435.975,1991.698
CAL.R-SKY,SLOW,2.B.Green,2026-06-30,10,695.0,3173.5,1798.669,1382.593
CAL.R-SKY,SLOW,2.B.Red,2026-05-02,6,1653.5,4066.0,7318.475,6078.363
CAL.R-SKY,SLOW,2.B.Red,2026-06-30,10,1618.5,3098.5,4678.894,3805.049
CAL.R-SKY,SLOW,3.A.Blue,2026-05-02,6,520.5,1122.0,1605.436,1422.707
CAL.R-SKY,SLOW,3.A.Blue,2026-06-30,10,515.5,1077.5,1531.669,1165.881
CAL.R-SKY,SLOW,3.A.Green,2026-05-02,6,753.0,4278.5,2445.004,1724.41
CAL.R-SKY,SLOW,3.A.Green,2026-06-30,10,736.5,3481.0,1777.202,1205.651
CAL.R-SKY,SLOW,3.A.Red,2026-05-02,6,1774.0,4011.5,5027.962,6017.696
CAL.R-SKY,SLOW,3.A.Red,2026-06-30,10,1739.0,3193.5,3147.36,3797.924
CAL.R-SKY,SLOW,3.B.Blue,2026-05-02,6,866.5,1992.5,827.165,1649.013
CAL.R-SKY,SLOW,3.B.Blue,2026-06-30,10,860.5,1870.0,646.409,1335.272
CAL.R-SKY,SLOW,3.B.Green,2026-05-02,6,740.0,5223.0,2257.09,1811.979
CAL.R-SKY,SLOW,3.B.Green,2026-06-30,10,726.5,4144.0,1644.545,1424.807
CAL.R-SKY,SLOW,3.B.Red,2026-05-02,6,1726.5,4824.0,2719.426,6375.563
CAL.R-SKY,SLOW,3.B.Red,2026-06-30,10,1682.5,3670.0,1702.403,3983.141
CAL.R-SKY,SLOW,4.A.Green,2026-05-02,6,356.5,4444.0,1696.961,2209.355
CAL.R-SKY,SLOW,4.A.Green,2026-06-30,10,345.0,3540.0,1210.578,1446.745
CAL.R-SKY,SLOW,4.A.Red,2026-05-02,6,1624.0,4063.5,7437.419,5784.836
CAL.R-SKY,SLOW,4.A.Red,2026-06-30,10,1589.5,3145.5,4732.921,3617.262
CAL.R-SKY,SLOW,4.B.Blue,2026-05-02,6,703.5,1608.0,818.848,1647.868
CAL.R-SKY,SLOW,4.B.Blue,2026-06-30,10,699.0,1525.0,648.696,1345.036
CAL.R-SKY,SLOW,4.B.Green,2026-05-02,6,734.5,4663.5,2778.603,2081.548
CAL.R-SKY,SLOW,4.B.Green,2026-06-30,10,718.5,3796.5,2051.514,1494.948
CAL.R-SKY,SLOW,4.B.Red,2026-05-02,6,1800.5,4009.0,3552.142,5897.065
CAL.R-SKY,SLOW,4.B.Red,2026-06-30,10,1768.5,3149.0,2191.86,3690.765
